Time,tumor_cells_E1,tumor_cells_E2,tumor_cells_F1,tumor_cells_F2,tumor_cells_G1,tumor_cells_G2,CART_cells_E1,CART_cells_E2,CART_cells_F1,CART_cells_F2,CART_cells_G1,CART_cells_G2
32.09,15155,13702,14641,13548,12500,13422,500,500,1250,1250,2500,2500
32.34,15198,14075,14825,13683,12693,13758,,,,,,
32.59,15367,14254,15065,13843,12920,14266,,,,,,
32.84,15719,14616,15256,14035,13266,14547,,,,,,
33.09,15974,14800,15580,14205,13654,14932,,,,,,
33.34,16266,15044,15792,14556,14067,15224,,,,,,
33.59,16596,15447,16156,14921,14370,15482,,,,,,
33.84,16863,15625,16583,15319,14834,16000,,,,,,
34.09,17149,15787,16987,15670,15315,16368,,,,,,
34.34,17289,15974,17250,15968,15720,16684,,,,,,
34.59,17604,16189,17645,16369,16097,17070,,,,,,
34.84,17912,16500,18009,16676,16651,17444,,,,,,
35.09,18224,16868,18418,17020,17103,17920,,,,,,
35.34,18595,17337,18934,17508,17391,18402,,,,,,
35.59,18835,17653,19429,17830,17795,18976,,,,,,
35.84,19174,18042,19986,18092,18199,19462,,,,,,
36.09,19416,18452,20424,18392,18690,19946,,,,,,
36.34,19747,18818,20828,18908,18994,20336,,,,,,
36.59,20042,19315,21112,19266,19531,20780,,,,,,
36.84,20481,19569,21495,19816,19939,21006,,,,,,
37.09,20828,19986,22019,20268,20475,21250,,,,,,
37.34,21069,20299,22467,20462,20752,21402,,,,,,
37.59,21549,20446,23105,20906,21006,21504,,,,,,
37.84,22038,20769,23683,21284,21329,21614,,,,,,
38.09,22581,21159,24172,21708,21438,21776,,,,,,
38.34,23132,21584,24679,22176,21891,22104,,,,,,
38.59,23589,22060,25129,22686,22234,22420,,,,,,
38.84,24068,22533,25540,23226,22635,22676,,,,,,
39.09,24453,23007,26167,23766,22823,22818,,,,,,
39.34,24932,23469,26566,24338,23013,23074,,,,,,
39.59,25324,24069,27205,24862,23157,23456,,,,,,
39.84,25759,24766,27807,25366,23063,23504,,,,,,
40.09,26408,25305,28293,25778,23114,23618,,,,,,
40.34,26912,25959,28883,26232,23287,23720,,,,,,
40.59,27443,26523,29353,26762,23260,23880,,,,,,
40.84,27909,27178,29788,27174,23339,24031,,,,,,
41.09,28438,27744,30295,27688,23279,24088,,,,,,
41.34,29050,28430,30669,28017,23206,24048,,,,,,
41.59,29638,29106,30964,28310,23051,23932,,,,,,
41.84,30267,29427,31456,28774,23041,23876,,,,,,
42.09,30788,29984,31680,29074,23003,23934,,,,,,
42.34,31001,30551,32204,29388,22854,23904,,,,,,
42.59,31418,30988,32472,29522,22723,23894,,,,,,
42.84,31738,31608,32599,29938,22555,23712,,,,,,
43.09,32082,32042,32667,30235,22264,23747,,,,,,
43.34,32603,32406,33104,30574,22198,23636,,,,,,
43.59,32941,32835,33396,30872,22079,23432,,,,,,
43.84,33154,33343,33689,31262,21922,23200,,,,,,
44.09,33417,33640,33893,31382,21715,23162,,,,,,
44.34,33611,34043,33978,31518,21617,22962,,,,,,
44.59,33931,34303,33957,31558,21228,22692,,,,,,
44.84,34354,34476,34052,31736,20982,22358,,,,,,
45.09,34784,34877,34015,31750,20937,22112,,,,,,
45.34,34889,35360,34073,31929,20798,21986,,,,,,
45.59,35256,36154,34230,32004,20624,21906,,,,,,
45.84,35543,36556,34295,32028,20374,21814,,,,,,
46.09,35885,37129,34447,31938,20167,21592,,,,,,
46.34,36196,37640,34373,31816,19891,21456,,,,,,
46.59,36503,37970,34165,31936,19688,21134,,,,,,
46.84,36757,38199,33833,31876,19501,20920,,,,,,
47.09,36978,38436,34008,31688,19339,20646,,,,,,
47.34,37150,38762,33992,31418,19102,20536,,,,,,
47.59,37551,39038,33860,31352,18800,20286,,,,,,
47.84,37723,39274,33840,31386,18648,20034,,,,,,
48.09,37842,39530,33701,31354,18268,19738,,,,,,
48.34,37988,39764,33653,31408,17898,19560,,,,,,
48.59,38360,40037,33603,31526,17661,19260,,,,,,
48.84,38632,40209,33482,31316,17498,19064,,,,,,
49.09,38968,40492,33368,31262,17293,18754,,,,,,
49.34,39011,40974,33519,31298,16997,18676,,,,,,
49.59,39331,41187,33476,31286,16707,18476,,,,,,
49.84,39404,41279,33360,31292,16442,18154,,,,,,
50.09,39471,41498,33282,31146,16290,17906,,,,,,
50.34,39370,41727,33211,30938,16100,17776,,,,,,
50.59,39310,41826,33003,30710,15859,17672,,,,,,
50.84,39440,41755,32824,30554,15576,17350,,,,,,
51.09,39462,41610,32660,30462,15253,17142,,,,,,
51.34,39675,41790,32344,30074,14912,16874,,,,,,
51.59,39654,42190,32242,29886,14696,16648,,,,,,
51.84,39732,42005,32129,29798,14455,16388,,,,,,
52.09,39822,42338,31987,29748,14194,16150,,,,,,
52.34,39909,42239,31789,29612,14020,15978,,,,,,
52.59,39989,42557,31491,29372,13827,15648,,,,,,
52.84,40013,42393,31348,29460,13645,15474,,,,,,
53.09,40011,42747,31144,29458,13426,15240,,,,,,
53.34,39898,43093,30793,29360,13215,14946,,,,,,
53.6,40062,43062,30539,29150,13117,14504,,,,,,
53.84,40012,43038,30391,28932,12853,14210,,,,,,
54.1,39893,43279,30307,28522,12578,13972,,,,,,
54.34,40121,43352,30262,28419,12402,13684,,,,,,
54.6,40433,43613,30002,28444,12266,13440,,,,,,
54.84,40402,43615,29774,28190,12099,13173,,,,,,
55.1,40792,43473,29826,27980,11913,12926,,,,,,
55.35,40946,43547,29667,27916,11737,12589,,,,,,
55.6,41060,43603,29431,27788,11522,12362,,,,,,
55.85,41063,43484,29218,27466,11352,12064,,,,,,
56.1,41019,43434,28987,27182,11064,11900,,,,,,
56.35,40995,43319,28640,26962,10913,11708,,,,,,
56.6,41161,43436,28373,26834,10674,11514,,,,,,
56.85,41092,43570,28012,26774,10534,11420,,,,,,
57.1,40668,43230,27668,26470,10349,11250,,,,,,
57.35,40347,43274,27594,26166,10295,10920,,,,,,
57.6,40181,43128,27270,25882,10207,10828,,,,,,
57.85,40264,43295,27108,25752,9989,10708,,,,,,
58.1,40387,42913,26906,25508,9844,10504,,,,,,
58.35,40088,42713,26665,25360,9707,10258,,,,,,
58.6,39674,42721,26467,25140,9553,10112,,,,,,
58.85,39435,42101,26271,24916,9440,9890,,,,,,
59.1,39187,41933,26175,24738,9253,9684,,,,,,
59.35,38990,41831,25780,24462,9080,9500,,,,,,
59.6,38681,41574,25573,24220,8906,9334,,,,,,
59.85,38560,41646,25239,24074,8757,9192,,,,,,
60.1,38334,41175,24970,23910,8596,9002,,,,,,
60.35,38309,40939,24593,23550,8460,8766,,,,,,
60.6,38204,40920,24281,23382,8304,8594,,,,,,
60.85,38314,41047,23757,23268,8088,8396,,,,,,
61.1,38243,40856,23520,23072,7914,8244,,,,,,
61.35,37895,40839,23327,22874,7773,8086,,,,,,
61.6,37574,40716,23090,22462,7651,7884,,,,,,
61.85,37450,40601,22874,22336,7510,7674,,,,,,
62.1,37350,40387,22689,22114,7393,7566,,,,,,
62.35,37171,40291,22383,21900,7234,7412,,,,,,
62.6,36960,40035,22196,21780,7136,7298,,,,,,
62.85,36813,39859,21992,21352,7027,7106,,,,,,
63.1,36460,39644,21768,21200,6889,7030,,,,,,
63.35,36357,39695,21583,21022,6791,6800,,,,,,
63.6,36284,39815,21464,20830,6659,6624,,,,,,
63.85,36389,39611,21205,20646,6543,6506,,,,,,
64.1,36186,39341,20947,20542,6403,6440,,,,,,
64.35,35952,39050,20625,20148,6327,6350,,,,,,
64.6,35886,38719,20468,19916,6261,6274,,,,,,
64.85,35689,38784,20375,19800,6208,6202,,,,,,
65.1,35459,38524,20190,19600,6134,6136,,,,,,
65.35,35152,38415,20047,19424,5948,6050,,,,,,
65.6,34969,38307,19804,19258,5877,5932,,,,,,
65.85,34665,38213,19562,19134,5813,5856,,,,,,
66.1,34478,38228,19388,19002,5763,5798,,,,,,
66.35,34269,38109,19226,18858,5654,5682,,,,,,
66.6,34041,37583,19107,18720,5599,5572,,,,,,
66.85,34012,37458,18851,18600,5557,5488,,,,,,
67.1,34145,37233,18701,18429,5493,5458,,,,,,
67.35,33820,37163,18626,18334,5465,5402,,,,,,
67.6,33561,36994,18471,18166,5381,5304,,,,,,
67.85,33582,36686,18413,18136,5297,5250,,,,,,
68.1,33365,36582,18280,18060,5239,5228,,,,,,
68.35,33458,36504,18169,18014,5169,5160,,,,,,
68.6,33416,36441,18002,17860,5092,5106,,,,,,
68.86,33240,36574,17646,17790,5016,5014,,,,,,
69.1,33120,36537,17578,17644,4905,4954,,,,,,
69.36,32804,36206,17564,17494,4884,4864,,,,,,
69.61,32839,36245,17497,17336,4839,4816,,,,,,
69.86,32768,36056,17459,17246,4814,4780,,,,,,
70.11,32661,36274,17403,17016,4746,4738,,,,,,
70.36,32550,36618,17418,17000,4693,4652,,,,,,
70.6,32339,36495,17415,16902,4623,4602,,,,,,
70.85,32091,36254,17276,16828,4599,4584,,,,,,
71.1,31942,35906,17033,16676,4521,4528,,,,,,
71.35,31707,35471,16923,16780,4475,4442,,,,,,
71.6,31576,35077,16829,16714,4423,4378,,,,,,
71.86,31479,34789,16689,16602,4399,4352,,,,,,
72.11,31347,34531,16541,16534,4317,4334,,,,,,
72.36,31059,34574,16564,16408,4264,4250,,,,,,
72.6,30943,34743,16396,16293,4218,4174,,,,,,
72.86,30718,34755,16391,16261,4187,4128,,,,,,
73.1,30756,34437,16352,16170,4165,4082,,,,,,
73.36,30602,34289,16272,16144,4102,4016,,,,,,
73.6,30455,34176,16174,16128,4028,3974,,,,,,
73.86,30333,34132,15972,16014,3990,3938,,,,,,
74.11,30467,33960,15848,15913,3889,3898,,,,,,
74.36,30366,33673,15718,15805,3819,3868,,,,,,
74.61,30149,33450,15733,15674,3795,3850,,,,,,
74.86,30204,33448,15640,15624,3779,3778,,,,,,
75.11,30176,33386,15532,15663,3734,3704,,,,,,
75.36,30174,33261,15501,15594,3736,3686,,,,,,
75.61,29976,33203,15417,15485,3697,3644,,,,,,
75.86,29826,33202,15282,15392,3632,3596,,,,,,
76.11,29789,33178,15187,15370,3569,3556,,,,,,
76.36,30012,33055,15237,15367,3530,3556,,,,,,
76.61,30266,33253,15233,15216,3523,3510,,,,,,
76.86,30910,33075,15771,15262,3593,3470,,,,,,
77.11,30781,33336,15664,15966,3574,3446,,,,,,
77.36,31137,33857,15803,15654,3535,3408,,,,,,
77.61,30453,34129,15482,15445,3471,3374,,,,,,
77.86,30239,33637,15283,15254,3443,3356,,,,,,
78.11,30318,32917,15267,15020,3386,3320,,,,,,
78.36,30407,32763,15176,14755,3365,3286,,,,,,
78.61,30465,32664,14998,14553,3342,3252,,,,,,
78.86,30145,32686,14804,14361,3280,3214,,,,,,
79.11,29875,32392,14678,14252,3219,3172,,,,,,
79.36,29623,32332,14510,14091,3174,3108,,,,,,
79.61,29573,32132,14318,13949,3117,3068,,,,,,
79.86,29505,32010,14223,13837,3089,3012,,,,,,
80.11,29343,31856,14101,13773,3063,2994,,,,,,
80.36,29182,31994,14022,13720,3035,2946,,,,,,
80.61,28959,31917,13906,13797,2999,2904,,,,,,
80.86,28933,32233,13789,14235,2984,2890,,,,,,
81.11,28993,32643,13775,14629,2958,2858,,,,,,
81.36,28954,32776,13746,14693,2919,2844,,,,,,
81.61,28787,32854,13655,14536,2872,2792,,,,,,
81.86,28743,32967,13606,14428,2840,2792,,,,,,
82.11,28792,32889,13560,14372,2828,2756,,,,,,
82.36,28840,32744,13577,14209,2794,2736,,,,,,
82.61,28790,32655,13554,14177,2786,2716,,,,,,
82.86,28622,32711,13448,14121,2756,2686,,,,,,
83.11,28652,32422,13374,14049,2735,2684,,,,,,
83.36,28529,32124,13344,13940,2693,2638,,,,,,
83.61,28364,31985,13278,13832,2688,2598,,,,,,
83.86,28235,32161,13219,13714,2660,2598,,,,,,
84.11,28157,31986,13190,13657,2639,2614,,,,,,
84.36,28270,31564,13126,13572,2626,2600,,,,,,
84.61,28181,31481,13010,13536,2601,2564,,,,,,
84.86,28023,31605,12956,13511,2596,2532,,,,,,
85.11,27990,31639,12880,13457,2593,2492,,,,,,
85.36,27915,31506,12807,13406,2542,2452,,,,,,
85.61,27775,31548,12736,13377,2538,2420,,,,,,
85.86,27721,31504,12676,13393,2511,2418,,,,,,
86.11,27714,31440,12633,13271,2490,2396,,,,,,
86.36,27788,31349,12552,13177,2474,2366,,,,,,
86.61,27527,31171,12540,13054,2438,2362,,,,,,
86.86,27448,31134,12462,12984,2401,2318,,,,,,
87.11,27368,31219,12385,12956,2368,2302,,,,,,
87.36,27254,31190,12344,12970,2355,2290,,,,,,
87.61,27306,31186,12237,12974,2325,2310,,,,,,
87.86,27109,31097,12225,12958,2317,2270,,,,,,
88.11,27122,31145,12165,12949,2284,2260,,,,,,
88.36,27100,31200,12087,12880,2281,2238,,,,,,
88.61,27081,31236,12039,12878,2283,2222,,,,,,
88.86,27024,31149,12025,12895,2273,2216,,,,,,
89.11,26908,31034,12055,12993,2263,2182,,,,,,
89.36,26942,31049,12094,12981,2228,2182,,,,,,
89.61,27032,31118,12053,13034,2204,2152,,,,,,
89.86,27021,30999,12062,13014,2207,2142,,,,,,
90.11,26987,31071,11938,13027,2185,2110,,,,,,
90.36,26740,31065,11870,13024,2173,2078,,,,,,
90.61,26636,30936,11857,13041,2145,2068,,,,,,
90.86,26536,30813,11800,13030,2140,2044,,,,,,
91.11,26533,30797,11777,12973,2122,2028,,,,,,
91.36,26439,30670,11690,12956,2112,2030,,,,,,
91.61,26273,30614,11672,12941,2090,2008,,,,,,
91.86,26369,30580,11672,12816,2072,2016,,,,,,
92.11,26335,30523,11605,12744,2069,1994,,,,,,
92.36,26339,30661,11598,12776,2058,1962,,,,,,
92.61,26286,30837,11642,12709,2057,1968,,,,,,
92.86,26190,30757,11587,12702,2058,1954,,,,,,
93.11,26151,30652,11573,12739,2041,1932,,,,,,
93.36,26212,30446,11553,12776,2060,1912,,,,,,
93.61,26105,30376,11493,12743,2050,1888,,,,,,
93.86,25960,30409,11468,12704,2040,1852,,,,,,
94.11,25835,30491,11464,12609,2020,1846,,,,,,
94.36,25810,30603,11372,12574,2022,1832,,,,,,
94.61,25928,30482,11366,12570,2001,1826,,,,,,
94.86,26061,30367,11348,12554,1996,1808,,,,,,
95.11,26236,30456,11366,12563,1964,1810,,,,,,
95.36,26326,30463,11392,12576,1967,1792,,,,,,
95.61,26088,30751,11416,12529,1951,1796,,,,,,
95.86,26010,30813,11452,12512,1935,1764,,,,,,
96.11,26198,30810,11453,12535,1954,1756,,,,,,
96.36,26124,30688,11474,12473,1942,1734,,,,,,
96.61,26129,30671,11397,12463,1944,1730,,,,,,
96.86,26246,30423,11361,12471,1909,1696,,,,,,
97.11,26234,30273,11310,12501,1903,1696,,,,,,
97.36,26197,30086,11231,12484,1874,1684,,,,,,
97.61,26077,30375,11196,12448,1883,1696,,,,,,
97.86,26131,30464,11177,12314,1864,1684,,,,,,
98.11,26178,30368,11148,12257,1858,1662,,,,,,
98.36,26207,30301,11170,12256,1848,1662,,,,,,
98.61,26126,30295,11160,12230,1830,1664,,,,,,
98.86,26124,30346,11127,12178,1822,1658,,,,,,
99.11,26063,30399,11094,12179,1800,1608,,,,,,
99.36,26066,30401,11051,12176,1812,1632,,,,,,
99.61,26034,30442,11050,12196,1800,1598,,,,,,
99.86,26005,30380,10988,12225,1781,1594,,,,,,
100.11,25970,30336,10977,12205,1793,1600,,,,,,
100.36,25880,30243,10935,12187,1767,1590,,,,,,
100.61,25863,30244,10925,12163,1767,1584,,,,,,
100.86,25831,30268,10908,12127,1774,1578,,,,,,
101.11,25874,30422,10890,12111,1758,1570,,,,,,
101.36,25954,30673,10889,12077,1738,1546,,,,,,
101.61,25892,30957,10864,12073,1727,1556,,,,,,
101.86,25882,30870,10827,12094,1729,1550,,,,,,
102.11,25875,30617,10870,12036,1726,1530,,,,,,
102.36,25867,30568,10842,12034,1702,1508,,,,,,
102.61,25874,30642,10909,12075,1705,1496,,,,,,
102.86,25864,30610,10793,12045,1685,1502,,,,,,
103.11,25699,30717,10732,12015,1671,1472,,,,,,
103.36,25685,30721,10757,12032,1677,1470,,,,,,
103.61,25738,30664,10732,12010,1660,1456,,,,,,
103.86,25621,30563,10708,12036,1644,1464,,,,,,
104.11,25642,30520,10680,11981,1642,1446,,,,,,
104.36,25668,30454,10673,11996,1635,1438,,,,,,
104.61,25694,30452,10619,12007,1635,1448,,,,,,
104.86,25723,30576,10578,12022,1630,1446,,,,,,
105.11,25736,30738,10603,11989,1623,1458,,,,,,
105.36,25715,30988,10570,11922,1601,1414,,,,,,
105.61,25715,30818,10574,11915,1599,1412,,,,,,
105.86,25694,30574,10563,11861,1606,1408,,,,,,
106.11,25780,30597,10480,11856,1601,1430,,,,,,
106.36,25789,30427,10492,11908,1576,1414,,,,,,
106.61,25726,30408,10456,11911,1576,1400,,,,,,
106.86,25738,30300,10426,11894,1573,1392,,,,,,
107.12,25579,30240,10463,11925,1554,1386,,,,,,
107.37,25555,30373,10492,11891,1544,1390,,,,,,
107.62,25616,30434,10529,11903,1544,1382,,,,,,
107.87,25638,30380,10473,11905,1545,1380,,,,,,
108.12,25704,30149,10432,11951,1528,1360,,,,,,
108.37,25672,29926,10392,11985,1522,1374,,,,,,
108.62,25649,29848,10367,11947,1537,1362,,,,,,
108.87,25624,29986,10412,11939,1518,1354,,,,,,
109.12,25618,30070,10377,11928,1528,1350,,,,,,
109.37,25616,30219,10314,11895,1515,1352,,,,,,
109.62,25702,30053,10282,11857,1491,1352,,,,,,
109.87,25695,29938,10319,11842,1498,1338,,,,,,
110.12,25613,30035,10275,11843,1489,1314,,,,,,
110.37,25545,29999,10280,11854,1467,1314,,,,,,
110.62,25669,30093,10266,11825,1475,1306,,,,,,
110.87,25694,30166,10276,11852,1456,1320,,,,,,
111.12,25515,30115,10299,11824,1450,1310,,,,,,
111.37,25563,29986,10257,11863,1452,1306,,,,,,
111.62,25581,29961,10251,11858,1465,1304,,,,,,
111.87,25519,29882,10153,11813,1445,1296,,,,,,
112.12,25468,29778,10137,11770,1434,1266,,,,,,
112.37,25471,29550,10106,11767,1426,1276,,,,,,
112.62,25627,29531,10088,11779,1431,1272,,,,,,
112.87,25632,29686,10062,11761,1415,1268,,,,,,
113.12,25542,29800,10068,11795,1403,1250,,,,,,
113.37,25523,29884,10017,11763,1393,1234,,,,,,
113.62,25518,29710,9971,11720,1376,1242,,,,,,
113.87,25546,29580,9928,11685,1410,1252,,,,,,
114.12,25485,29545,9963,11660,1373,1224,,,,,,
114.37,25529,29500,9973,11654,1382,1240,,,,,,
114.62,25457,29591,9981,11648,1386,1230,,,,,,
114.87,25468,29652,9935,11698,1375,1210,,,,,,
115.12,25538,29587,9902,11661,1373,1220,,,,,,
115.37,25596,29431,9882,11630,1358,1214,,,,,,
115.62,25579,29222,9873,11650,1366,1206,,,,,,
115.87,25591,29185,9892,11615,1338,1204,,,,,,
116.12,25605,29184,9891,11577,1348,1200,,,,,,
116.37,25605,29204,9940,11578,1330,1190,,,,,,
116.62,25613,29296,9961,11583,1310,1192,,,,,,
116.87,25713,29268,9942,11557,1337,1180,,,,,,
117.12,25659,29212,9985,11511,1309,1154,,,,,,
117.37,25683,29112,9946,11492,1299,1174,,,,,,
117.62,25852,29310,10002,11531,1293,1162,,,,,,
117.87,26359,29097,10151,11574,1294,1170,,,,,,
118.12,26207,29186,10119,11674,1300,1164,,,,,,
118.37,26309,29024,10099,11791,1301,1148,,,,,,
118.62,26124,29102,10058,11793,1290,1146,,,,,,
118.87,25954,29297,10040,11766,1297,1138,,,,,,
119.12,25878,29271,10018,11750,1279,1152,,,,,,
119.37,25950,29111,9898,11699,1275,1162,,,,,,
119.62,25943,28907,9857,11644,1259,1130,,,,,,
119.87,25765,28904,9834,11589,1268,1152,,,,,,
120.12,25759,28858,9810,11495,1265,1120,,,,,,
120.37,25671,28838,9816,11517,1251,1130,,,,,,
120.62,25509,28857,9813,11515,1255,1128,,,,,,
120.87,25384,28984,9816,11553,1242,1136,,,,,,
121.12,25408,29212,9789,11525,1241,1110,,,,,,
121.37,25333,29327,9734,11563,1222,1094,,,,,,
121.62,25429,29407,9721,11520,1229,1106,,,,,,
121.87,25400,29360,9719,11559,1220,1116,,,,,,
122.12,25284,29286,9626,11532,1212,1102,,,,,,
122.37,25321,29158,9609,11564,1213,1106,,,,,,
122.62,25288,29091,9541,11561,1224,1096,,,,,,
122.87,25294,29251,9564,11525,1210,1094,,,,,,
123.12,25323,29285,9517,11552,1204,1108,,,,,,
123.37,25278,29251,9510,11516,1191,1092,,,,,,
123.62,25232,29149,9542,11553,1211,1100,,,,,,
123.87,25198,29266,9553,11529,1191,1078,,,,,,
124.12,25210,29238,9486,11528,1180,1078,,,,,,
124.37,25248,29284,9450,11552,1189,1066,,,,,,
124.62,25255,29139,9398,11564,1176,1064,,,,,,
124.87,25416,29253,9393,11572,1189,1044,,,,,,
125.12,25415,29211,9433,11555,1164,1060,,,,,,
125.37,25390,29363,9381,11576,1177,1060,,,,,,
125.62,25421,29436,9440,11506,1154,1046,,,,,,
125.87,25477,29358,9387,11451,1161,1038,,,,,,
126.12,25508,29181,9351,11455,1162,1046,,,,,,
126.37,25532,29203,9342,11473,1160,1046,,,,,,
126.62,25557,29156,9378,11474,1155,1030,,,,,,
126.87,25586,29190,9402,11469,1152,1023,,,,,,
127.12,25567,29153,9390,11526,1154,1006,,,,,,
127.37,25568,29243,9409,11569,1132,1014,,,,,,
127.62,25578,29202,9410,11581,1140,1022,,,,,,
127.87,25546,29227,9411,11527,1152,1002,,,,,,
128.12,25506,29185,9395,11531,1143,1006,,,,,,
128.37,25576,29106,9418,11538,1132,988,,,,,,
128.62,25618,29027,9432,11549,1134,1006,,,,,,
128.87,25612,28934,9429,11544,1143,1012,,,,,,
129.12,25582,29002,9472,11544,1128,992,,,,,,
129.37,25592,29120,9462,11526,1137,998,,,,,,
129.62,25658,29451,9473,11510,1125,992,,,,,,
129.87,25715,29588,9504,11529,1114,982,,,,,,
130.12,25714,29552,9525,11572,1112,970,,,,,,
130.37,25823,29470,9516,11531,1110,970,,,,,,
130.62,25831,29392,9525,11530,1118,976,,,,,,
130.87,25823,29417,9566,11554,1114,976,,,,,,
131.12,25854,29434,9577,11538,1119,982,,,,,,
131.37,25826,29555,9575,11569,1125,969,,,,,,
131.62,25899,29703,9562,11610,1101,958,,,,,,
131.87,25894,29845,9618,11563,1104,950,,,,,,
132.12,25987,29924,9644,11631,1105,950,,,,,,
132.37,25966,29968,9624,11626,1106,960,,,,,,
132.62,26043,29911,9696,11606,1101,955,,,,,,
132.87,26058,29607,9705,11599,1095,958,,,,,,
133.12,26050,29539,9691,11610,1086,948,,,,,,
133.37,26074,29637,9700,11613,1080,948,,,,,,
133.62,26149,29777,9699,11594,1085,936,,,,,,
133.87,26114,29737,9702,11682,1086,935,,,,,,
134.12,26092,29763,9707,11647,1076,935,,,,,,
134.37,26076,29730,9736,11668,1083,924,,,,,,
134.62,26069,29537,9748,11658,1078,918,,,,,,
134.87,26121,29625,9810,11620,1078,920,,,,,,
135.12,26211,29591,9806,11576,1063,912,,,,,,
135.37,26181,29742,9815,11547,1058,904,,,,,,
135.62,26290,29900,9822,11561,1048,906,,,,,,
135.87,26332,30041,9832,11559,1056,912,,,,,,
136.12,26288,30031,9796,11586,1049,892,,,,,,
136.37,26348,29960,9781,11688,1056,922,,,,,,
136.62,26431,29820,9789,11683,1047,912,,,,,,
136.87,26510,29742,9729,11731,1032,897,,,,,,
137.12,26461,29685,9799,11736,1044,888,,,,,,
137.37,26482,29845,9809,11750,1041,884,,,,,,
137.62,26498,30099,9851,11750,1033,900,,,,,,
137.87,26535,30211,9859,11745,1029,890,,,,,,
138.12,26584,30237,9873,11716,1025,887,,,,,,
138.37,26595,30141,9890,11736,1030,880,,,,,,
138.62,26556,29994,9919,11733,1025,898,,,,,,
138.87,26611,30022,9930,11731,1020,868,,,,,,
139.12,26584,30068,9871,11820,1011,880,,,,,,
139.37,26653,30230,9853,11856,1016,856,,,,,,
139.62,26739,30406,9910,11913,1011,864,,,,,,
139.87,26891,30486,9932,11914,1008,860,,,,,,
140.12,26985,30543,9947,11918,1003,860,,,,,,
140.37,27006,30454,9946,11931,997,852,,,,,,
140.62,27050,30280,10000,11927,993,866,,,,,,
140.87,27052,30317,10035,11911,1007,860,,,,,,
141.12,27032,30489,10075,11918,996,846,,,,,,
141.37,27103,30584,10081,11932,986,834,,,,,,
141.62,27231,30682,10128,11999,974,840,,,,,,
141.87,27339,30817,10099,12044,991,846,,,,,,
142.12,27348,30916,10106,12046,989,834,,,,,,
142.37,27416,30770,10108,12064,966,840,,,,,,
142.62,27401,30533,10095,12087,984,838,,,,,,
142.87,27446,30500,10109,12178,982,848,,,,,,
143.12,27505,30544,10104,12208,971,832,,,,,,
143.37,27496,30708,10119,12261,974,814,,,,,,
143.62,27616,31060,10178,12238,955,808,,,,,,
143.87,27614,31084,10192,12303,959,805,,,,,,
144.12,27665,31122,10239,12334,967,829,,,,,,
144.37,27912,31172,10323,12411,969,832,,,,,,
144.62,28352,31291,10536,12495,967,832,,,,,,
144.88,28300,31179,10588,12580,960,818,,,,,,
145.13,27999,30993,10465,12639,961,816,,,,,,
145.38,27896,31326,10518,12584,958,802,,,,,,
145.63,28205,31499,10628,12553,956,806,,,,,,
145.88,28041,31417,10550,12504,937,784,,,,,,
146.13,27984,31486,10549,12546,956,771,,,,,,
146.38,27980,31594,10541,12649,941,770,,,,,,
146.63,28051,31546,10508,12617,938,770,,,,,,
146.88,28000,31466,10514,12638,938,770,,,,,,
147.13,28049,31360,10530,12636,914,772,,,,,,
147.38,28036,31553,10561,12668,914,768,,,,,,
147.63,28124,31724,10576,12719,926,758,,,,,,
147.88,28140,31817,10518,12778,928,758,,,,,,
148.14,28102,32041,10543,12865,922,770,,,,,,
148.39,28131,32072,10544,12901,912,766,,,,,,
148.64,28091,32155,10469,12912,901,752,,,,,,
148.89,28160,32232,10549,12913,902,758,,,,,,
149.14,28158,32144,10561,12947,895,758,,,,,,
149.39,28235,32153,10593,12938,903,754,,,,,,
149.64,28331,32264,10658,12946,896,750,,,,,,
149.9,28339,32409,10642,12924,887,744,,,,,,
150.15,28312,32299,10716,12915,880,756,,,,,,
150.4,28388,32208,10740,12976,886,751,,,,,,
150.65,28428,32266,10742,13060,889,742,,,,,,
150.9,28450,32188,10730,13041,882,751,,,,,,
151.15,28504,32193,10736,13162,867,732,,,,,,
151.4,28561,32270,10801,13248,878,732,,,,,,
151.65,28712,32323,10766,13323,868,732,,,,,,
151.91,28768,32374,10782,13346,856,750,,,,,,
152.16,28771,32550,10786,13326,869,740,,,,,,
152.41,28766,32617,10818,13365,861,720,,,,,,
152.66,28741,32797,10878,13438,864,722,,,,,,
152.92,28849,32718,10841,13414,862,716,,,,,,
153.17,28866,32689,10886,13439,857,736,,,,,,
153.42,28869,32695,10969,13484,854,710,,,,,,
153.67,28871,32855,11046,13568,867,716,,,,,,
153.92,28948,33020,11129,13580,858,716,,,,,,
154.17,28993,33188,11196,13673,870,714,,,,,,
154.42,28992,33173,11179,13754,858,712,,,,,,
154.67,28977,33223,11149,13761,849,702,,,,,,
154.93,29016,33157,11146,13779,837,692,,,,,,
155.18,28985,33058,11154,13773,841,700,,,,,,
155.44,29047,33096,11168,13821,856,686,,,,,,
155.69,29117,33219,11185,13877,841,672,,,,,,
155.94,29261,33485,11235,13928,848,696,,,,,,
156.2,29314,33631,11276,13930,856,679,,,,,,
156.45,29417,33700,11213,13945,834,676,,,,,,
156.7,29453,33738,11210,14000,826,674,,,,,,
156.95,29441,33663,11227,14010,817,668,,,,,,
157.2,29486,33566,11290,14081,817,664,,,,,,
157.46,29437,33627,11316,14195,805,670,,,,,,
157.71,29531,33850,11313,14264,815,662,,,,,,
157.96,29617,34012,11329,14293,812,656,,,,,,
158.21,29728,33954,11323,14357,813,672,,,,,,
158.46,29733,33955,11365,14334,791,668,,,,,,
158.71,29803,34121,11342,14431,805,666,,,,,,
158.96,29865,34141,11344,14409,795,644,,,,,,
159.21,29881,34151,11404,14442,812,660,,,,,,
159.46,29852,34081,11439,14485,789,664,,,,,,
159.71,30013,34049,11523,14540,796,644,,,,,,
159.96,30011,34193,11599,14600,790,642,,,,,,
160.21,30042,34409,11616,14684,786,630,,,,,,
160.46,30163,34449,11690,14707,789,634,,,,,,
160.71,30279,34367,11701,14769,792,638,,,,,,
160.97,30308,34268,11746,14766,778,628,,,,,,
161.22,30420,34336,11770,14865,775,618,,,,,,
161.48,30510,34424,11716,14883,775,620,,,,,,
161.72,30542,34519,11711,14913,783,618,,,,,,
161.97,30594,34633,11690,14967,783,642,,,,,,
162.23,30799,35024,11827,15020,779,632,,,,,,
162.48,31046,35286,12024,15143,788,635,,,,,,
162.73,31050,35202,12037,15384,780,646,,,,,,
162.98,30813,35069,11925,15308,765,626,,,,,,
163.23,30730,35056,11918,15236,766,612,,,,,,
163.48,30772,35199,11921,15213,755,620,,,,,,
163.73,30843,35373,11974,15178,766,614,,,,,,
163.98,30904,35425,12042,15166,749,620,,,,,,
164.24,30926,35462,12014,15239,768,612,,,,,,
164.49,30919,35436,12019,15322,750,622,1984,2344,3720,2692,5681,5479