time_trial_(hrs),tumor_cells_trial1_(ci),cart_cells_trial1_(ci),tumor_cells_trial2_(ci),cart_cells_trial2_(ci)
33.3375,1.1492243569844600,0.09029798676289630,0.6843356275568710,0.10725798062008300
33.5875,1.1972585409140100,0.09040727945617610,0.7768981262100900,0.10672134121698000
33.837778,1.2452293101937800,0.09055710548663920,0.8679026942291480,0.10623483087440500
34.088056,1.2930719509790700,0.0907468142957322,0.9572589294715570,0.1057984451328490
34.338056,1.3407223185496000,0.09097557817255770,1.0448837514014200,0.10541195688807400
34.588333,1.388274968966730,0.09124335356605010,1.1309851396307500,0.10507387880340900
34.838056,1.435561072650220,0.0915486378267241,1.215293294358950,0.10478462553951500
35.088333,1.4827792158592600,0.09189223481321430,1.298195714088450,0.10454228524884700
35.338611,1.529813261723110,0.09227295928778040,1.3795173668848300,0.10434692247923100
35.588889,1.576651782152190,0.09269025826664030,1.4592713735917800,0.10419790867012800
35.838889,1.6232318600194400,0.09314305674977180,1.5373851851050400,0.1040947038031070
36.089167,1.6696458607461800,0.09363181058572880,1.61404596935246,0.1040364493096980
36.339444,1.7158304472426100,0.09415548231991640,1.6891791611869000,0.10402265557273800
36.589167,1.7616731407970500,0.09471224936004630,1.7626372269922600,0.10405257822493800
36.839444,1.807366123379030,0.0953040313727466,1.8347595243367000,0.10412572157551200
37.089444,1.852746054364100,0.09592836937752990,1.9053175138050800,0.10424128653273700
37.339722,1.8979024469669900,0.09658609842953170,1.9744812680186100,0.10439890086587400
37.589722,1.9427237728771800,0.09727520700503310,2.0421105605516400,0.10459758632061000
37.84,1.987298486051630,0.09799667650623350,2.1083692417618200,0.10483715573255100
38.090278,2.0315653455275600,0.09874920671969800,2.173194754730470,0.10511678136915000
38.340278,2.075464477774570,0.09953135946572720,2.236530908422170,0.10543545757509600
38.590556,2.1190822857909400,0.10034432307675600,2.2985320052538000,0.10579326404542800
38.840556,2.162310659277430,0.10118574117088800,2.3590737308555100,0.10618877779306200
39.090833,2.2052343386799000,0.10205693034888100,2.418303938915260,0.10662224759361200
39.340833,2.247747098392170,0.1029554118349170,2.4761049434215700,0.10709208583382900
39.591111,2.2899320859030000,0.10388262925292500,2.532618497214170,0.10759870673572900
39.841111,2.3316843739664400,0.10483597240279100,2.587732476662840,0.10814035671655600
40.091389,2.3730855909992800,0.1058170103444060,2.641582898068940,0.10871761136502400
40.341667,2.414077852658720,0.10682414627928300,2.6941211887640400,0.109329258426448
40.591389,2.4545602618165400,0.10785450648163700,2.7452484030739800,0.10997319752566800
40.841667,2.494701866409210,0.10891212843071500,2.795205638378370,0.11065166763394900
41.091389,2.534313129847600,0.10999176401499400,2.843784322315530,0.11136102767075200
41.341667,2.573559220898390,0.11109767013461600,2.891214203782490,0.11210380792361500
41.591667,2.612297396763640,0.11222565119503800,2.9373485560953800,0.1128769584048670
41.841944,2.650602430390650,0.11337766000313500,2.9823032476873600,0.1136815662851310
42.092222,2.6884200516086800,0.11455191262769600,3.026040102698290,0.11451616586717400
42.341944,2.7256565235989600,0.11574517237940000,3.0684792326565400,0.11537817299018700
42.591389,2.7623447842209300,0.11695811703329000,3.1096874035287000,0.11626777979202900
42.841389,2.7985951789924000,0.11819427876110700,3.149813461736250,0.11718737509999900
43.091667,2.8343537279049000,0.11945183995883300,3.188820504504120,0.11813545175349600
43.341667,2.869529780236410,0.12072745655784700,3.2266352994355700,0.11910927546271700
43.591944,2.9041902014907800,0.12202340913903000,3.2633552449827000,0.12011037891923000
43.841944,2.9382470571753400,0.12333627869264000,3.298912482666850,0.12113591802579000
44.092222,2.971764721460950,0.1246684287246780,3.333399385615160,0.12218754059249700
44.3425,3.004693767544040,0.12601785774537200,3.3667892477132000,0.12326349069010000
44.5925,3.036987383160390,0.1273824875147010,3.3990602357105600,0.12436190433070400
44.842778,3.0687061606392600,0.12876480179399900,3.4302975630956,0.12548459534540000
45.092778,3.099768423730700,0.1301611793719750,3.4604452581247400,0.12662844153340400
45.342778,3.130198543963550,0.13157259695335000,3.4895520197872200,0.12779404973133800
45.592778,3.1599853196752600,0.13299850468864000,3.5176312585589200,0.12898079241144300
45.842778,3.1891175492033000,0.13443835272836600,3.544696384915710,0.13018804204596100
46.093056,3.217615310886350,0.13589321447347300,3.57078924094352,0.13141654650691200
46.343056,3.2454040840565600,0.13735930754632100,3.595865283494480,0.13266294852580300
46.593333,3.2725343352655300,0.13883933542520000,3.619993630023690,0.13392938596328600
46.843333,3.2989347984088300,0.1403294716409740,3.643134294153630,0.13521242739277300
47.093611,3.324652849658390,0.14183247319199600,3.6653520851848600,0.13651429223428500
47.343611,3.349620143555560,0.14334445075662000,3.686611068541330,0.13783146024706900
47.593611,3.3738544423073700,0.14486651784720900,3.7069498574976600,0.1391647404290410
47.843611,3.397344544251310,0.14639812461428100,3.7263818625297200,0.14051350525244300
48.093611,3.4200792477248400,0.14793872120835500,3.7449204941133700,0.14187712718951800
48.343889,3.4420713487336800,0.14948948480231200,3.7625983143396300,0.14325651857085700
48.593889,3.4632607791281400,0.15104641996971100,3.7793894743122300,0.14464798692820100
48.844167,3.483683435529550,0.15261243815909300,3.7953447603819900,0.1460539978463290
49.094167,3.5032827363559400,0.1541835100554800,3.8104421503133700,0.14747079972089100
49.344167,3.5220706054867600,0.1557608213085950,3.824713249000580,0.14889931967471500
49.594167,3.5400358412594700,0.1573438220689570,3.8381714669195,0.1503389301800460
49.842778,3.557074384045660,0.158923125590131,3.850762066503560,0.15178091934832300
50.092222,3.5733301884978,0.1605122849662320,3.862613532454930,0.15323751828800900
50.3425,3.588783704037850,0.16211080346563900,3.8737314550951100,0.1547082045415860
50.592778,3.60336792416933,0.16371282351524000,3.8840883597643600,0.15618749452281500
50.842778,3.6170568808919000,0.16531600925252300,3.8936874377550000,0.15767310241651400
51.093056,3.629869789773460,0.16692337498729500,3.902563480227540,0.15916770317379100
51.343333,3.6417796527441200,0.1685325813949380,3.910718824409010,0.16066901347635400
51.593611,3.6527753259418900,0.1701430896508720,3.918166990688110,0.16217641569996900
51.843889,3.6628455208957300,0.17175434164289600,3.924921400311800,0.16368927423552100
52.093611,3.6719643381339300,0.17336220600877800,3.9309827587770300,0.1652035829920350
52.343889,3.680184184401400,0.17497329182589900,3.9363914873848500,0.16672545665480700
52.593889,3.6874925371203100,0.1765816797294900,3.941141870727930,0.16824920300266700
52.844167,3.6939220804914500,0.17819039559897800,3.9452579164698900,0.16977758180664800
53.094444,3.699480613827220,0.17979709219892000,3.948747424325600,0.1713082647833280
53.344722,3.7041846271355700,0.1814012306846790,3.95162387739839,0.17284063454319700
53.595,3.7080505421215100,0.18300225294637400,3.9539007157659800,0.17437405535097500
53.845,3.711091872714810,0.18459783525190300,3.9555898369521100,0.1759061938440800
54.095,3.713329765844130,0.18618920794191200,3.956707510619260,0.17743812529813100
54.345,3.7147806124122300,0.18777582116691800,3.9572671472433100,0.1789692221853710
54.595,3.7154608033218700,0.1893571250774390,3.9572821573001100,0.1804988569780430
54.845,3.7153867294758100,0.1909325698239940,3.9567659512655300,0.18202640214838800
55.095278,3.7145734742626000,0.19250334655331200,3.9557305065535400,0.18355292403200100
55.345556,3.713037148896210,0.19406714832179100,3.954189559249050,0.1850760930957090
55.595833,3.7107942093718900,0.19562341724119700,3.9521565737030500,0.1865952736547920
55.846111,3.7078610833548600,0.197171614063919,3.9496449888878500,0.18810984822782000
56.096111,3.704258598107370,0.19870947576544400,3.9466718267213700,0.18961750773965800
56.346389,3.699995172126550,0.20023987137492500,3.9432439177020200,0.1911209761842160
56.596667,3.695090885877780,0.20176053420946400,3.939377767405680,0.19261794439315300
56.846944,3.6895622083204800,0.2032709065697210,3.935086849070720,0.19410777680530000
57.096944,3.683432688458750,0.20476878941794400,3.930390029955590,0.19558821400101100
57.347222,3.676705145518490,0.2062569568146010,3.9252903234506600,0.19706191346436700
57.597222,3.669410931030910,0.20773155239255900,3.919812481610840,0.19852497321890500
57.847222,3.661559288303050,0.20919368572570900,3.9139644685823700,0.19997840744056000
58.097222,3.6531666082376800,0.2106428069645700,3.907759694841120,0.20142158860157200
58.347222,3.644249281737550,0.21207836625965900,3.9012115708629400,0.20285388917418500
58.5975,3.634812941639590,0.2135013863520850,3.8943256800454400,0.20427625491323400
58.8475,3.624894957148230,0.21490815560138400,3.887130742504980,0.20568489788164600
59.097778,3.6144897010902800,0.21630125148709500,3.879624199511510,0.20708232186053900
59.348056,3.6036243771752200,0.217678549732808,3.871827333406290,0.20846632394380100
59.598333,3.5923154770965600,0.2190394932483520,3.8637536322465500,0.2098362690631080
59.848611,3.580579356072120,0.22038354122524000,3.8554164867323600,0.2111915385444700
60.098611,3.5684462181322200,0.22170867285757200,3.846839055787630,0.2125300176097590
60.348889,3.555905509602400,0.22301728406282400,3.8380157060169900,0.21385405399557200
60.598889,3.543001496133640,0.2243059173632690,3.8289794616593300,0.2151600782064130
60.849167,3.5297219096243000,0.2255768875040960,3.8197236689182400,0.2164503657992800
61.099167,3.5161126571647100,0.226826820628318,3.8102823127174800,0.2177214222526230
61.349444,3.5021599585852200,0.2280579405340110,3.8006478771341500,0.2189754403823370
61.599722,3.487895092904600,0.22926830442988500,3.790844132722470,0.22021037715568500
61.85,3.4733345608700700,0.2304573556703490,3.780884572884420,0.22142559790133500
62.100278,3.4584948081252700,0.23162454256958400,3.7707826528830000,0.22262047299576800
62.350278,3.4434091953701700,0.23276805451011000,3.7605632585600600,0.223793080757925
62.600556,3.428060602626320,0.23388988348721000,3.7502171047937000,0.22494540002662300
62.850833,3.4124821705180100,0.23498818933777300,3.7397689836393700,0.22607548100284600
63.101111,3.396690220144600,0.23606242915453700,3.7292322668228000,0.2271827030958150
63.351389,3.3807012589461500,0.23711204681597000,3.718620451158350,0.22826643212185100
63.601667,3.3645317325662900,0.23813649063625000,3.7079469919090200,0.22932603845743700
63.851667,3.348216314457000,0.23913411406396300,3.6972372753264600,0.23035975696406500
64.101944,3.331735215677300,0.24010658080600800,3.6864809688411500,0.23136925360887500
64.352222,3.3151228047468300,0.2410522232028620,3.675703326643360,0.23235274347920000
64.602222,3.298414230483840,0.2419694810500600,3.664929826419170,0.23330854504418400
64.8525,3.2815887634434900,0.24285984315378100,3.6541499507151500,0.23423815496566300
65.1025,3.2647001879948800,0.24372078118908400,3.643401070250570,0.2351388799782290
65.352778,3.2477273743705200,0.244553658706885,3.6326727223263300,0.23601209425346400
65.602778,3.230724434274320,0.24535607508595500,3.6220021631912000,0.23685522981056100
65.853056,3.213669983591820,0.246129263725048,3.6113791043327300,0.23766953274215500
66.103056,3.1966183153860600,0.2468709566035490,3.6008405680969000,0.23845256594073400
66.353056,3.179566892131890,0.24758162904940000,3.5903858320388300,0.2392047853926380
66.603056,3.162532104732060,0.24826147884223000,3.5800168178346700,0.239926375439881
66.853056,3.145530344089330,0.2489108532874880,3.5697331494005900,0.24061768279843300
67.103333,3.128559251381930,0.24953076923469500,3.5595231974808300,0.24127977050912100
67.353611,3.1116540639591600,0.2501208410987280,3.5493979860222200,0.24191220621010300
67.603889,3.0948312953837900,0.2506814148079250,3.53935717864942,0.24251533507015400
67.854167,3.078107391299460,0.2512128388276360,3.529400398022620,0.2430895049631740
68.104444,3.061498863458120,0.2517154596720260,3.519527306084050,0.24363506163994700
68.354722,3.045022024727480,0.2521896298218020,3.5097374465978300,0.24415235733283900
68.604722,3.028711436333250,0.2526352156649730,3.5000412181470700,0.2446412094504190
68.855,3.0125472539511500,0.2530535563273210,3.4904166793290700,0.24510305275176300
69.105,2.996581792886800,0.2534440700800170,3.4808848349098900,0.24553720827561000
69.355278,2.980795976379100,0.2538079735685150,3.4714241090769300,0.24594498913581300
69.605278,2.9652412791826500,0.2541448059977790,3.462055142680820,0.24632583647242700
69.855556,2.9498995380752100,0.2544556646260010,3.4527567221497000,0.246680944841896
70.105833,2.9348046771817200,0.25474050750369800,3.4435389702347500,0.247010222684314
70.355833,2.919989343817510,0.25499941159553700,3.434411541205750,0.24731369706340700
70.605,2.9055010361442000,0.2552323168459550,3.425393827621520,0.24759120698599600
70.854444,2.8912872212190000,0.255440689860712,3.4164450180777200,0.24784441656717300
71.104722,2.877317678301750,0.25562517707169900,3.407545282450200,0.24807407298797800
71.354722,2.863651666885590,0.25578522422976700,3.3987340499178700,0.2482794213292360
71.604722,2.8502697288032800,0.25592139715825100,3.390001015057120,0.24846107689573500
71.855,2.8371536697970600,0.25603415545839100,3.381336220364250,0.2486195495775040
72.105278,2.8243147355363000,0.2561236829467760,3.372749043090770,0.2487549721238820
72.355,2.811776748278440,0.2561902051378530,3.3642579256482600,0.24886746690141900
72.604722,2.7995071129712800,0.25623429268534300,3.3558433306536800,0.24895770573352900
72.855,2.7874756258094200,0.25625631633098800,3.347486402604850,0.24902616212400000
73.105,2.7757190396133400,0.25625651325880800,3.3392147402508500,0.2490729182372150
73.355,2.7642200636534500,0.25623526748139600,3.3310186425635800,0.24909840897300300
73.605,2.752974918087690,0.256192926304201,3.322897733459230,0.24910298104733600
73.855278,2.741967734307640,0.25612975545758400,3.314842731096940,0.2490869520623360
74.105278,2.7312191817530300,0.25604624290481200,3.306871153470980,0.24905070466419800
74.355278,2.720713115863150,0.25594267725481100,3.2989736357583200,0.24899457913806100
74.605278,2.7104457567959500,0.2558194058130290,3.291149801875150,0.24891892219989300
74.855278,2.7004133247093400,0.25567677588491700,3.283399275737680,0.24882408056566400
75.105278,2.6906120397612600,0.2555151347759240,3.2757216812620900,0.2487104009513430
75.355278,2.681038122109650,0.2553348297915000,3.2681166423645800,0.2485782300729000
75.605556,2.671677517394710,0.25513597730353700,3.260575446458480,0.248427737524693
75.855556,2.6625472371319500,0.25491936669609500,3.2531144701017700,0.24825960466771200
76.105556,2.6536329804362700,0.25468513451577400,3.2457249206535300,0.2480740210800650
76.355833,2.6449214419501800,0.2544333399468170,3.238398352400100,0.24787109954200100
76.605833,2.6364281217440700,0.25416488797463500,3.2311506066163800,0.24765163626613500
76.855833,2.628139481390760,0.25387985673073800,3.2239731590730100,0.24741576279167300
77.105833,2.620051741048180,0.253578593520576,3.2168656336861700,0.24716382583458300
77.355833,2.6121611208742700,0.25326144564959900,3.2098276543720600,0.24689617211083400
77.606111,2.604455387865130,0.2529283819578570,3.20285113409256,0.24661282518743900
77.855556,2.596964336710780,0.2525812788707080,3.1959664369129800,0.24631543964930200
78.105833,2.5896341829438500,0.2522181671262710,3.1891272320280800,0.24600237749933300
78.355833,2.5824942450239200,0.25184095366652900,3.1823636761668500,0.24567532386864400
78.605833,2.575532528062320,0.25144959207322000,3.175667785959320,0.24533428705114400
78.855833,2.5687452522169700,0.2510444296517940,3.169039185321690,0.2449796137628020
79.105833,2.5621286376458100,0.2506258137077010,3.1624774981701500,0.2446116507195860
79.355833,2.555678904506760,0.25019409154638900,3.1559823484209000,0.24423074463746700
79.605833,2.5493922729577700,0.24974961047331000,3.1495533599901300,0.2438372422324140
79.856111,2.5432582368662600,0.24929220294967500,3.1431831173897200,0.24343103233453400
80.105833,2.5372931952616600,0.24882376081364500,3.1368923627488300,0.24301383531738100
80.355833,2.5314731894304100,0.24834308683795900,3.1306596017706800,0.24258462423934100
80.605833,2.5258011658209300,0.24785104317230400,3.124491497775790,0.24214420370224300
80.856111,2.520267276516240,0.24734741170637100,3.1183809228693600,0.24169241267738000
81.106111,2.5148800318700400,0.24683365889975500,3.1123410754424000,0.24123060186924300
81.356389,2.509623661694270,0.2463089903090830,3.1063581458836100,0.24075809176256200
81.606389,2.504506059825670,0.2457749191285490,3.1004450490160700,0.24027627908988300
81.856111,2.4995230095175000,0.24523182537720600,3.0946011987081300,0.23978554275510300
82.106389,2.494654300061600,0.24467822690199000,3.0888068063806500,0.23928457513615400
82.356667,2.489907375926070,0.244115670758687,3.083074575630470,0.23877480629972200
82.606389,2.485288599981250,0.24354578355777500,3.0774166579860900,0.23825774447772300
82.856389,2.4807785727172900,0.24296702348017000,3.0718136789196100,0.2377320234241680
83.106667,2.4763738881350200,0.24237971091206200,3.0662654661206100,0.23719796345160900
83.356667,2.4720805480263700,0.2417854982130980,3.060783968675960,0.2366570980274460
83.606667,2.467889819425120,0.24118408464817100,3.055362613954300,0.2361091848925020
83.856944,2.4637934420824700,0.24057513989016300,3.0499951182405000,0.23555395266209300
84.106944,2.4597967001908900,0.23996035949335100,3.0446929863095400,0.23499297740524900
84.357222,2.455886932603170,0.23933872674859600,3.039444070795030,0.23442536127025000
84.607222,2.4520690416384500,0.23871197025883300,3.034259655886090,0.23385271227050600
84.8575,2.4483307473512700,0.23807904426049900,3.029127834453330,0.23327410438660900
85.1075,2.444676571127740,0.23744170244482800,3.024059630557890,0.2326911700504640
85.357778,2.4410945971239700,0.23679887550649100,3.0190433955236900,0.23210296036807600
85.608056,2.437585140102590,0.23615161785171400,3.01408442000377,0.23151046873627300
85.858056,2.4341481927184500,0.23550100356719200,3.0091877403144100,0.23091470757155600
86.108333,2.4307723356084100,0.2348459364539880,3.0043421084980600,0.23031470185713200
86.358333,2.427461258059250,0.2341882141604010,2.9995578741592400,0.22971212677025700
86.608333,2.424207408723810,0.23352746098069200,2.9948292670315200,0.22910666687474900
86.858333,2.421007007760010,0.2328640242203110,2.9901559110310800,0.2284986688865760
87.108611,2.4178527979543400,0.2321975096736270,2.9855323247281200,0.22788779990010600
87.358611,2.414748003131920,0.23152974564983300,2.980968403124360,0.22727576401623900
87.608611,2.4116853129517500,0.23086034034791800,2.9764586039782600,0.22666223057316500
87.858889,2.4086576044063600,0.23018889466444100,2.971997625851920,0.2260468622460750
88.108611,2.405671127149920,0.22951799513152900,2.9675998687238500,0.22543205787326900
88.358611,2.4027120718441100,0.22884574982795400,2.9632501804479300,0.22481611204838700
88.608611,2.399780001812280,0.2281732524680580,2.958953110294450,0.22420005552817400
88.858889,2.396867914068100,0.2275001028281100,2.9547035908699900,0.22358355049630900
89.108889,2.393978494555360,0.22682814395735800,2.9505106861755900,0.22296831357433500
89.358889,2.391104716587220,0.22615697533283900,2.946369270934020,0.22235400649048600
89.609167,2.3882403026819800,0.2254861999475790,2.942274448956800,0.22174029511006800
89.859167,2.3853912233919100,0.22481765557635000,2.938234940579990,0.22112888984844300
90.109167,2.382554574637290,0.22415094375390600,2.9342457929863800,0.22051945495840000
90.359167,2.3797306406765500,0.22348641178569600,2.930306630092180,0.21991233715590900
90.609444,2.3769165985668200,0.2228236750059250,2.926412793561920,0.21930721502755600
90.859722,2.3741158583720300,0.22216381682001700,2.922568283042670,0.2187051080794520
91.11,2.3713287165698800,0.22150718834662900,2.918772736851790,0.21810636660887200
91.360278,2.3685554583681100,0.22085413805110900,2.91502577764946,0.2175113384897180
91.610278,2.3657994257081400,0.22020573311535800,2.91133110993122,0.21692102563951400
91.860278,2.3630578146558000,0.21956159340996500,2.9076841687382300,0.21633511171348300
92.110278,2.3603309094694800,0.21892206624037900,2.9040845779866800,0.21575394342759500
92.360556,2.357615987207370,0.2182867961628690,2.9005280370905000,0.21517722986461300
92.610556,2.3549193636717000,0.2176575420761120,2.897022070578370,0.21460659924815300
92.860556,2.3522382990934000,0.21703394282771400,2.8935623258380700,0.21404175480529200
93.110833,2.3495701335576500,0.216415664882892,2.890144669473160,0.21348242772925000
93.361111,2.346918121006440,0.2158037484194030,2.8867725697284200,0.21292959281507200
93.611111,2.344285475601040,0.215199212771945,2.883449333489990,0.2123842027289650
93.860833,2.341672426374580,0.21460238232436200,2.8801744348714800,0.2118465808340420
94.111111,2.339070558914920,0.21401162327601200,2.876936634734410,0.21131529069427600
94.361111,2.3364888561510500,0.213429264038435,2.8737464200496500,0.21079246217763200
94.611389,2.3339218613198300,0.21285435758755700,2.8705963187891300,0.21027728006545700
94.861389,2.3313755615983000,0.21228852872246600,2.8674929525638400,0.20977123588742300
95.111389,2.32884738010705,0.21173148160200500,2.864432422103000,0.20927409948197000
95.361389,2.3263376011044900,0.2111835635316230,2.8614143513228300,0.20878621756506600
95.611667,2.3238437492613600,0.21064452847324500,2.8584350781266300,0.20830741047746400
95.861667,2.3213716492654100,0.21011592153659800,2.8555008446257700,0.20783908894064300
96.111667,2.3189188048494800,0.20959748595258200,2.8526079421359600,0.2073810624258260
96.361667,2.3164855002720100,0.20908956902664900,2.849755994573370,0.20693367764898500
96.611667,2.314072019791400,0.2085925180642460,2.8469446258542200,0.20649728132608800
96.861667,2.3116786476660700,0.20810668037082500,2.8441734598946800,0.206072220173104
97.111667,2.309305668154440,0.20763240325183400,2.8414421206109600,0.205658840906003
97.361944,2.3069507707364500,0.20716952844036600,2.838747271047300,0.20525705234371300
97.611944,2.304619452610050,0.20671942815795200,2.836094499949770,0.20486809090043100
97.861667,2.3023119278859200,0.2062824083959430,2.8334833019766500,0.20449226157969000
98.111667,2.3000233614132500,0.20585784662917200,2.8309075085581400,0.20412907701581300
98.361667,2.2977566088463700,0.2054465819640800,2.828369661396420,0.20377930791766600
98.611944,2.2955094797277100,0.20504852883873300,2.8258666347985900,0.2034429364665180
98.861944,2.29328723270502,0.20466491598878600,2.823403592901500,0.20312105427268900
99.111944,2.291087652678320,0.20429555379887400,2.820977416802870,0.20281353742381100
99.362222,2.288908616375450,0.2039399586789520,2.8185853348174100,0.20251996113214000
99.611944,2.286757630646540,0.20359910702199000,2.816235170071360,0.2022410829149450
99.861944,2.284627757158300,0.20327165213222300,2.8139189257883300,0.20197575085270700
100.112222,2.2825193591057800,0.20295745453233100,2.8116366369528100,0.20172381366662
100.3625,2.2804351032602700,0.20265670022048300,2.809390812445660,0.20148537622684500
100.6125,2.2783775491575900,0.20236951548211100,2.8071837991795600,0.20126048344002400
100.862778,2.276342405741240,0.20209507602052600,2.805010601722600,0.2010484374679840
101.112778,2.274334478664560,0.20183380618812100,2.802875960991830,0.20084951199323400
101.363056,2.2723495872415400,0.20158493932295600,2.8007750425118400,0.20066306692890300
101.613056,2.2703924254892600,0.20134884296714700,2.7987124266298000,0.2004893190843260
101.863056,2.2684610588399200,0.20112504852525700,2.7966856728744800,0.2003278571480100
102.113333,2.2665536750627800,0.20091314295864800,2.794692508226020,0.20017832504490200
102.363333,2.264674780763140,0.20071341000794400,2.792737257743580,0.20004085638815000
102.613611,2.26282048989741,0.20052522074005100,2.7908154939510700,0.19991494839238400
102.863611,2.260995206349620,0.20034880789999900,2.7889313991982000,0.1998006833820460
103.113889,2.259195155632990,0.20018359354780000,2.7870806962238300,0.19969760955513700
103.364167,2.2574226677145200,0.2000295944854750,2.7852654127782900,0.19960566247733400
103.614167,2.25567995013209,0.19988677769868400,2.783487419284530,0.19952472829123600
103.864444,2.253963418827560,0.19975464047160900,2.7817426813515300,0.1994544295823080
104.114167,2.2522790105262400,0.19963341861349400,2.780036846892840,0.19939478498659000
104.364444,2.2506195363282800,0.19952238884812100,2.7783622603107000,0.19934533237347800
104.614444,2.248990838235040,0.19942175194296100,2.776724453056150,0.19930605577114800
104.864722,2.2473895856538500,0.19933109894813000,2.775119702372380,0.19927667036993100
105.114722,2.2458196203367100,0.19925044592893700,2.7735514863550800,0.19925704406645900
105.364722,2.2442794316346400,0.1991795014702530,2.772017916334920,0.19924694154133600
105.614722,2.2427693038060800,0.19911808042068300,2.7705189054868100,0.1992461655934370
105.864444,2.2412911496694600,0.19906605042711000,2.769055976439330,0.19925450473530700
106.114444,2.2398419621453900,0.19902311066614900,2.767625785271660,0.19927178051541800
106.364444,2.2384236879539700,0.1989891390659980,2.7662298928974000,0.1992977914886610
106.614722,2.2370350863951300,0.1989639272855850,2.764866717313620,0.19933238355154400
106.865,2.2356780370571300,0.19894733228911000,2.763537742712860,0.199375334745765
107.115278,2.234352825147740,0.19893916830682100,2.7622428819800800,0.19942644721160200
107.365278,2.2330611542668400,0.19893924497319800,2.7609834296456000,0.19948545312523800
107.615278,2.2318018189589600,0.19894736342573300,2.759757841689520,0.19955220756851300
107.865278,2.2305751034825200,0.1989633385130290,2.7585660312867900,0.19962651334030100
108.115833,2.229378678650330,0.19898704597585900,2.7574053780019000,0.19970836255924100
108.366111,2.228216822595870,0.199018234028265,2.7562797050282200,0.19979729774562300
108.616111,2.227089539223510,0.19905669212950600,2.755188817868840,0.19989309715636700
108.866111,2.2259955941214900,0.1991022656429950,2.754131360673230,0.1999956584340450
109.116111,2.2249350618938600,0.19915476941733400,2.7531072466162900,0.20010478437753300
109.366111,2.2239080171446400,0.19921401830112700,2.752116388872980,0.200220277785703
109.616389,2.222913448434110,0.19927990390505700,2.7511576540993800,0.20034208010869600
109.866111,2.2219546884975700,0.1993520107914860,2.750234095026930,0.2004695781915880
110.116389,2.2210275427380300,0.19943047462290100,2.7493415121378500,0.20060314228358800
110.366389,2.2201352315542300,0.19951485900448600,2.7484828479448100,0.20074213963293300
110.616667,2.2192758452300200,0.1996051660092730,2.7476561057442000,0.20088668169311300
110.866667,2.218451367590770,0.19970100969456400,2.7468630352628200,0.201036249975747
111.116667,2.217660899824090,0.1998023020177500,2.7461026131264600,0.20119080487660600
111.366667,2.2169045165340100,0.1999088578274360,2.745374752510070,0.20135014919456500
111.616389,2.2161830764389300,0.20002036508315600,2.7446801218539800,0.20151390095361200
111.866389,2.2154950478048400,0.20013688707325800,2.7440170878352100,0.20168222772465600
112.116389,2.2148413273764700,0.20025811730155600,2.7433863549577400,0.2018547525287090
112.366667,2.214221320220240,0.20038401290322800,2.7427871887427100,0.20203147661486900
112.616667,2.2136364783736100,0.20051410887445200,2.742220833350070,0.20221181000143300
112.866944,2.213085578064150,0.20064850840576500,2.741685944244180,0.2023959553305130
113.117222,2.2125693592801,0.20078688451546800,2.741183077689710,0.20258351776435400
113.367222,2.21208841462343,0.20092889095752500,2.740712654178470,0.20277408508940300
113.6175,2.211641749257140,0.20107465795643100,2.7402735404541500,0.20296788345077500
113.8675,2.211230430134760,0.20122367636346500,2.7398666251153800,0.20316428493575800
114.1175,2.2108540163819100,0.20137592097470400,2.7394913159315100,0.20336330596837800
114.3675,2.2105125826026200,0.20153120663875200,2.7391475260774600,0.20356474934751200
114.617778,2.2102058822469800,0.20168952557853400,2.738834838850460,0.20376864551676900
114.867778,2.2099346713321,0.20185034076082200,2.7385538619889200,0.2039743441308580
115.1175,2.209698907146480,0.20201345843377200,2.738304404243560,0.20418164155272600
115.367778,2.2094979357122300,0.20217924215218500,2.73808559771496,0.20439103572944900
115.6175,2.209332724450800,0.202346770452211,2.737898327877140,0.20460139940145400
115.867778,2.209202612399110,0.20251660390328400,2.737741673872710,0.20481347181441900
116.117778,2.2091081668676500,0.20268799453524100,2.7376161225508100,0.20502635103648000
116.367778,2.209049298224990,0.20286094480294000,2.7375213958616200,0.2052400747767590
116.617778,2.2090260810751300,0.20303526955498400,2.7374574069800800,0.20545444583412700
116.868056,2.209038623845580,0.20321097940489900,2.7374240490380300,0.20566950606593000
117.118056,2.2090869733453600,0.2033874986850330,2.737421309235600,0.2058845803255780
117.368056,2.2091711982330200,0.2035648367894320,2.7374490466690500,0.2060997100796500
117.618333,2.2092915262323100,0.20374300604237500,2.7375072557418000,0.20631493618223000
117.868333,2.2094477656644400,0.20392142673538600,2.737595720700040,0.20652958483689300
118.118611,2.2096403383810700,0.20410030936751200,2.7377145510836400,0.2067439348852640
118.368611,2.2098688912493800,0.2042790712226700,2.7378633960018200,0.2069573127584470
118.618889,2.2101340073548700,0.2044579242693940,2.7380424994512700,0.20716999533221700
118.868889,2.210435172407430,0.20463628585732700,2.738251376642820,0.20738131274202100
119.118611,2.2107723397123900,0.20481397212001200,2.7384898409628400,0.20759107187954000
119.368611,2.2111463344995300,0.20499119369175800,2.7387583366017700,0.20779954274999900
119.618333,2.2115563994288600,0.20516737172614100,2.739056179809260,0.2080060649878140
119.868611,2.212004039647190,0.20534290783581500,2.739384327907100,0.20821112802930300
120.118611,2.2124878992157900,0.20551703010533200,2.739741649923360,0.2084138480358950
120.368611,2.2130085295862600,0.20568974897131000,2.7401284070819200,0.2086142566856140
120.618611,2.2135660053626600,0.2058608792823550,2.740544512557710,0.20881215677733100
120.868611,2.214160401149000,0.20603023588706700,2.7409898795256700,0.2090073511099230
121.118611,2.2147917915493300,0.20619763363405000,2.741464421160720,0.20919964248226200
121.368611,2.2154602511676700,0.20636288737190600,2.741968050637790,0.2093888336932230
121.618611,2.2161658546080500,0.20652581194923900,2.7425006811318300,0.20957472754168000
121.868611,2.216908676474520,0.20668622221465100,2.7430622258177400,0.2097571268265060
122.118889,2.2176896796445400,0.20684410681984200,2.7436532703778000,0.20993603094121600
122.369167,2.218508133683680,0.20699910018502100,2.7442731193373400,0.21011103721639900
122.619444,2.2193641099499300,0.20715101593984300,2.7449216829326900,0.21028194711789700
122.869722,2.2202576901364800,0.2072996695291580,2.7455988792318700,0.2104485641524140
123.119444,2.221186835128610,0.20744455595177400,2.746303019194950,0.21061033472602100
123.369444,2.22215465986422,0.20758597977759500,2.747036320166870,0.21076760948945500
123.619444,2.2231602255027100,0.20772359261479100,2.747797927265880,0.2109200086243010
123.869167,2.224202429627730,0.20785706354434000,2.7485868629551100,0.2110671745718350
124.119167,2.2252836588605700,0.20798650368542300,2.7494047907103700,0.21120923679445200
124.369167,2.226402852725730,0.20811157758883700,2.7502507642137200,0.2113458320036040
124.619167,2.227560085827250,0.20823210010318400,2.7511246966400900,0.21147676299816300
124.868889,2.228754082348020,0.20834776002216700,2.7520254829102500,0.21160169682792900
125.118889,2.229987575227360,0.20845862987993900,2.752955041858450,0.21172071463662900
125.368889,2.231259331072200,0.2085643931003410,2.753912299351010,0.21183347684664700
125.619167,2.23257090267753,0.20866497324195800,2.7548982790743800,0.21193990080795600
125.869167,2.2339194510213200,0.20875996154001200,2.755910703739810,0.2120395527126640
126.119444,2.235308044433600,0.2088493833049400,2.756951733731000,0.21213245615276100
126.369722,2.236735290672820,0.20893294477221100,2.758020179740720,0.21221829946049300
126.619722,2.2381996092654200,0.20901037712537700,2.75911471827895,0.21229680120154900
126.87,2.239704331639880,0.20908166697615700,2.7602376965649900,0.21236793828718800
127.12,2.2412461279310600,0.20914647062902500,2.7613865329637300,0.2124313553003560
127.370278,2.2428281924260600,0.20920474660947400,2.762563695452880,0.21248699560387700
127.620556,2.244448535279510,0.20925623348746000,2.7637678344742500,0.212534586530934
127.870833,2.2461068528881900,0.2093007453295660,2.7649988579405600,0.21257393008134600
128.121111,2.247802861603170,0.20933809672236100,2.766256688574330,0.21260482871045100
128.371389,2.249536257972400,0.20936810170418800,2.7675412343955400,0.21262708438472100
128.621667,2.251306745094120,0.20939057450529800,2.7688524082891600,0.21264049924443400
128.871667,2.2531119983001500,0.20940531731709100,2.7701886225617300,0.212644875656439
129.121389,2.2549515996982800,0.2094121709865780,2.771549702188790,0.2126400468342430
129.371667,2.2568314575304900,0.2094109598920900,2.7729401498923500,0.21262578385870600
129.621944,2.2587472117715100,0.2094014742116060,2.774356871785440,0.2126018894040320
129.871944,2.2606963936735800,0.2093835527963130,2.7757981748307800,0.21256820840581100
130.122222,2.2626830340072100,0.20935697021239800,2.7772671718437500,0.21252446835698500
130.3725,2.26470468810113,0.209321555885649,2.77876218751125,0.21247050335544900
130.6225,2.2667587557590500,0.20927717847091200,2.7802814309498500,0.2124061929165570
130.872778,2.268849508600420,0.20922355367498600,2.7818281939225400,0.21233119633727500
131.1225,2.2709696267512100,0.20916069056273600,2.783397192418170,0.21224558422215900
131.3725,2.273125838258400,0.20908820976650100,2.7849935367977400,0.21214889156440300
131.6225,2.2753155058883100,0.2090059908736390,2.7866154078408400,0.2120410104314400
131.8725,2.2775383337274,0.20891391957650000,2.788262803711640,0.21192182144571200
132.122778,2.2797965523748100,0.20881204649042200,2.789937937748030,0.21179136553768500
132.373056,2.282087411546930,0.20870070923201200,2.791639416808040,0.21165003959916900
132.623333,2.284410604995260,0.20858014901340100,2.793367658455820,0.21149811489914700
132.873333,2.2867632205871200,0.20845075436932300,2.7951211358970100,0.21133604671988000
133.123611,2.2891501846944900,0.20831247847908800,2.796904166144520,0.21116374559845000
133.373611,2.2915658984180100,0.20816586866014000,2.798713211646410,0.21098186429721200
133.623889,2.2940154376779800,0.2080108393418000,2.800552719850540,0.21079026870283500
133.873889,2.296493064562490,0.2078479750597490,2.8024190277374900,0.2105896544409180
134.124167,2.299003992686700,0.20767715409338200,2.804316710106660,0.21037984573602400
134.374167,2.3015423477615100,0.20749899605999400,2.8062419747030200,0.21016157867471800
134.624444,2.3041134681290000,0.2073133459817160,2.8081995195633500,0.20993463914498300
134.874167,2.30670847155945,0.20712107202525900,2.8101832176305500,0.20970006408878700
135.124167,2.3093356484555400,0.20692178584608500,2.812200042182630,0.2094573560447390
135.374167,2.3119918407983400,0.20671593677382200,2.8142482329408700,0.20920704048701900
135.624167,2.3146767526743300,0.2065037647195550,2.8163282130157200,0.2089493871559160
135.874167,2.3173900881699900,0.20628550959437100,2.818440405517640,0.2086846657917180
136.124167,2.320131551371800,0.20606141130935600,2.8205852335570800,0.20841314613471300
136.374167,2.3229008463662200,0.20583170977559700,2.822763120244510,0.20813509792518900
136.624444,2.3257007912906600,0.20559638156647600,2.8249769576126,0.20785047251982000
136.873889,2.3285185926929900,0.20535672645225700,2.827217246274520,0.20756082084539800
137.123333,2.331363207518980,0.2051122102053680,2.8294917010131700,0.20726547610141300
137.373056,2.3342375791515700,0.204862789029372,2.831803353204880,0.20696436573646500
137.623333,2.337144709978000,0.20460840506041900,2.834155345303780,0.2066574007798650
137.873333,2.34007469511225,0.20435013565854500,2.836540349742710,0.20634586173298200
138.123333,2.3430304416316300,0.20408794158518800,2.8389613731913300,0.20602968141574200
138.373333,2.3460116536226100,0.20382206275143300,2.84141883876009,0.2057091295684350
138.623333,2.34901803517167,0.20355273906836700,2.843913169559460,0.20538447593134800
138.873611,2.3520526748563200,0.20327990570039700,2.8464476247728500,0.2050556229358480
139.123611,2.355108534946700,0.2030044088883950,2.849016997535450,0.20472357112892100
139.373611,2.3581886765255400,0.2027261872271220,2.851624505330530,0.20438822705302900
139.623611,2.36129280367931,0.20244548062766400,2.854270571268540,0.2040498604484620
139.873889,2.3644241117030200,0.2021622131983500,2.856958626087190,0.20370836029863900
140.123889,2.367575348115220,0.2018772543596300,2.85968312169561,0.20336475524657600
140.373889,2.3707496820327300,0.20159053058276500,2.8624474452488300,0.20301893718665300
140.623889,2.3739468175420300,0.20130228177884000,2.8652520198573200,0.20267117585915700
140.873333,2.3771592734955700,0.20101339303099100,2.868090895356560,0.20232251980501600
141.123611,2.380404692518230,0.2007224923498550,2.8709803820838600,0.20197129317499000
141.373889,2.3836720744853900,0.20043078431557600,2.8739114811189400,0.2016189296741150
141.623889,2.386957457226600,0.20013883451427800,2.8768812910530600,0.20126609267920900
141.874167,2.390267850806030,0.1998462341391610,2.8798968408741600,0.20091226787148000
142.123611,2.3935881808632400,0.19955452347187300,2.882945012810730,0.20055929818897800
142.373611,2.396936619048750,0.19926231668407100,2.8860431436112100,0.20020548662798700
142.623611,2.400305491846910,0.1989705038911190,2.8891849098801300,0.19985188942177700
142.873889,2.403698283024700,0.19867900165509900,2.89237430204606,0.19949838401846300
143.123889,2.40710715920807,0.19838869769033000,2.895604658282350,0.19914602573108700
143.374167,2.4105394051106400,0.1980991868503490,2.8988835870319100,0.198794301305499
143.624167,2.4139870997085400,0.19781135242552700,2.902204227559920,0.19844426209824700
143.874167,2.4174537486933700,0.19752511208455000,2.9055706200496300,0.1980957865471180
144.124722,2.4209468140713500,0.197240076574793,2.908990815193760,0.19774837708667900
144.374722,2.424450524525160,0.1969577490057250,2.9124500848569300,0.19740384303770200
144.625,2.4279762271297900,0.19667742578894700,2.915960302079600,0.19706130340325000
144.875,2.4315157932445600,0.19639996980425200,2.9195140923127400,0.1967217891355830
145.128056,2.43511642132662,0.19612196907942300,2.923160076058280,0.196381092656311
145.378056,2.43869084734668,0.19585038045928400,2.92681062018896,0.19604771521936700
145.628333,2.442286140172580,0.19558177364992100,2.930514010598960,0.19571743028028200
145.878611,2.445898154977520,0.19531669095799000,2.93426666896117,0.19539087837919600
146.128889,2.4495270235307500,0.1950553741757730,2.93806900509978,0.1950683314840280
146.38,2.4531851441626100,0.19479721456865600,2.9419343497336100,0.19474900837482200
146.63,2.456844403560610,0.1945444449125800,2.945833120220420,0.19443564483288900
146.880278,2.4605252807634200,0.19429588035330400,2.949787150287460,0.19412674778478000
147.130278,2.4642198327302200,0.1940523132178230,2.9537880794423100,0.19382327344475000
147.380556,2.467936510628830,0.1938134423023830,2.9578452298820500,0.1935248172765510
147.630556,2.471667291886110,0.19358003839926200,2.961950012029280,0.1932323122997150
147.882222,2.4754415760758800,0.1933505729101180,2.966135208217820,0.19294380404021600
148.136944,2.479280980091480,0.19312418354633400,2.9704258754800900,0.19265814793923900
148.391389,2.48313582801331,0.19290418092244800,2.9747672117403600,0.19237946955170200
148.641667,2.4869469145287500,0.1926940140126790,2.979091837348600,0.1921121317051070
148.891944,2.4907774305400000,0.1924902712649330,2.9834708098450100,0.19185178775435100
149.143056,2.4946405045545100,0.19229254644469000,2.9879194554663800,0.19159787536168600
149.393056,2.498506386359100,0.19210260243173300,2.9924036153943900,0.1913526220128920
149.644722,2.5024183370652400,0.19191859476714100,2.996973730349560,0.19111360098662400
149.897778,2.5063726779607700,0.1917411035028220,3.0016262477320700,0.19088149547875000
150.151389,2.510356844193330,0.19157105065066400,3.0063469156701400,0.1906574468320370
150.402222,2.5143184371061100,0.19141081377284200,3.011073367516970,0.19044456305299700
150.652222,2.518287957619600,0.1912592208625870,3.0158414414151400,0.1902412776500800
150.902222,2.522278761037820,0.1911159664694140,3.020667161849290,0.19004713890160800
151.152222,2.5262910812810000,0.1909812905044070,3.0255509519298600,0.18986241654787000
151.403611,2.530347626763900,0.19085475869516500,3.0305208582766100,0.1896864353892370
151.653889,2.534408328013020,0.19073788562517600,3.035527980150240,0.189521233249789
151.907778,2.5385503719002500,0.19062885063660200,3.040668113812550,0.18936412198409900
152.162222,2.5427247082984200,0.19052945240733400,3.045881331952390,0.1892175336297490
152.412222,2.546849033792440,0.19044166335895300,3.0510642331306400,0.18908437556844500
152.661944,2.5509916644205300,0.19036398261468900,3.0563018949144000,0.18896239268788700
152.916111,2.5552317670560600,0.19029544008294000,3.0616953367292500,0.1888498333166600
153.166389,2.5594306262831100,0.19023856134223900,3.067068345019100,0.18875070013307600
153.416389,2.563648469982340,0.19019250289237200,3.072497321038070,0.18866354289986900
153.670556,2.567961087411250,0.190156945568162,3.0780806812674900,0.18858736848571600
153.923611,2.572279590603120,0.19013308004320500,3.08370405248982,0.18852426316070800
154.173611,2.5765704504393600,0.19012104966790300,3.089323103193970,0.18847467237628900
154.423611,2.580885888076850,0.19012073709072200,3.095005760180140,0.18843802768824900
154.673611,2.585226137435790,0.19013238222275000,3.100752446558790,0.18841459883687700
154.928333,2.589674126641790,0.19015679424063900,3.1066739691577800,0.1884045992639180
155.181944,2.5941287917129700,0.19019393154660300,3.112636581445270,0.18840883470414700
155.436667,2.5986294262224800,0.190244372583729,3.1186929943746200,0.18842762664814500
155.690278,2.6031369799887700,0.19030792832239400,3.1247907724100100,0.18846109365059900
155.944167,2.607676272221520,0.19038513267540800,3.130963445370290,0.18850962894889200
156.198333,2.612247618366570,0.19047628158165400,3.1372116566175400,0.1885735646548490
156.4525,2.616846344573780,0.19058155082229000,3.143529178554050,0.18865313987514100
156.7025,2.621396607300320,0.19069911346083000,3.149811149444480,0.18874694228356800
156.952778,2.625978918999610,0.19083097515224000,3.156168105599470,0.188856549924831
157.202778,2.6305833340673200,0.1909770830953170,3.1625863483550000,0.1889819892926080
157.4575,2.635302912506920,0.19114099395620100,3.1691965141935100,0.1891264764358640
157.7075,2.639962910194420,0.19131687432425900,3.17575395629281,0.18928492839264800
157.957778,2.6446560208083600,0.19150808464635700,3.1823883937228500,0.18946034363790100
158.207778,2.6493720526013600,0.19171444027654700,3.189085511386740,0.1896526024717570
158.458056,2.6541217285123800,0.19193664063930600,3.1958606278048100,0.18986240286854300
158.708056,2.658894731132570,0.19217443224339300,3.2026991153576300,0.19008954874076000
158.958611,2.663707246630750,0.19242887472579900,3.2096243027733100,0.19033509710991900
159.212222,2.668608181272670,0.1927031047522550,3.216707304318970,0.1906021650915960
159.4625,2.6734742589234600,0.19299043009687700,3.2237699936575400,0.19088426815175900
159.712778,2.678369928791490,0.1932945860609960,3.2309054018725200,0.19118506532052200
159.963056,2.683295425578210,0.19361581335693300,3.238113953487450,0.19150482723902900
160.213056,2.6882454627612000,0.19395396696631200,3.2453879433337000,0.19184343723096300
160.463056,2.6932257287388900,0.1943096340930560,3.252735760871330,0.1922015096458120
160.713333,2.6982420263004700,0.19468347833327500,3.2601660941995400,0.19257974387485900
160.966389,2.70334530345396,0.19507980950329200,3.2677550243609200,0.19298256059450700
161.220278,2.7084972308771700,0.1954962229553630,3.2754462663186900,0.19340758024480800
161.475,2.7136983688104700,0.1959331563398160,3.283241027830470,0.19385529257017500
161.725,2.718834793509690,0.1963808897602370,3.2909679693363400,0.1943157242276050
161.974722,2.7239970971481500,0.19684705803721700,3.298762577529760,0.19479670236563400
162.226389,2.729231787685980,0.19733624361667500,3.306695432562770,0.19530299277000300
162.476389,2.7344640236854400,0.19784169881050300,3.314653233393230,0.19582763585130700
162.726667,2.7397344785444300,0.1983674345192650,3.322697671288100,0.19637480345736600
162.978056,2.745061200616970,0.19891560755934100,3.3308565970136800,0.1969467724321490
163.231944,2.750474553235480,0.19948992740348300,3.339177199873,0.19754746354423700
163.481944,2.7558383159552400,0.20007602024132900,3.3474499309455400,0.1981618507141030
163.732222,2.761241386240830,0.20068344984851500,3.3558113539679800,0.1987999489693070
163.982222,2.766671995148420,0.2013111069356040,3.3642433172937100,0.19946061074595400
164.236667,2.772233822832930,0.20197162269437600,3.372907562080660,0.20015718118021200
164.490556,2.7778185947563300,0.20265276401993200,3.381636130673370,0.2008768062651660